,real,forecast,lower_bound_90,upper_bound_90
2020-06-15 00:00:00,23.07,21.16682243347168,16.338687896728516,25.828460693359375
2020-06-15 01:00:00,20.65,19.84650230407715,15.403454208374024,24.251934528350827
2020-06-15 02:00:00,19.06,18.85641098022461,14.050483512878419,23.54529161453247
2020-06-15 03:00:00,18.02,18.245819091796875,13.46995759010315,23.034566974639894
2020-06-15 04:00:00,17.4,18.824628829956055,14.22979507446289,23.33823118209839
2020-06-15 05:00:00,21.36,20.985164642333984,16.609534549713135,25.29285621643066
2020-06-15 06:00:00,29.93,28.304447174072266,22.67227725982666,33.97389030456542
2020-06-15 07:00:00,35.28,34.1834831237793,26.335088539123536,42.014070129394526
2020-06-15 08:00:00,36.05,35.405548095703125,28.210244750976564,42.810958290100096
2020-06-15 09:00:00,35.89,34.670921325683594,28.379820346832275,41.03560104370117
2020-06-15 10:00:00,34.09,33.33351516723633,27.38757257461548,39.26061325073242
2020-06-15 11:00:00,34.0,33.77333068847656,27.128683376312257,40.690627861022946
2020-06-15 12:00:00,34.1,32.10603713989258,25.54270734786987,38.94981708526611
2020-06-15 13:00:00,33.15,31.200363159179688,24.683387184143065,37.995102882385254
2020-06-15 14:00:00,31.9,30.15503692626953,24.384093475341796,36.0821563720703
2020-06-15 15:00:00,31.0,29.876487731933594,24.292494583129884,35.53346061706542
2020-06-15 16:00:00,30.52,31.627124786376953,25.255175018310545,38.17238883972167
2020-06-15 17:00:00,33.0,32.908103942871094,26.518592357635498,39.27420616149902
2020-06-15 18:00:00,38.0,36.84918975830078,30.740851593017577,42.98943328857422
2020-06-15 19:00:00,43.52,40.36622619628906,32.138893127441406,49.954281425476076
2020-06-15 20:00:00,41.07,38.499595642089844,31.027747631072998,46.190238571166994
2020-06-15 21:00:00,35.91,35.1110725402832,28.848112964630126,41.62294864654541
2020-06-15 22:00:00,36.39,31.61277198791504,26.604656314849855,36.72580966949463
2020-06-15 23:00:00,31.92,28.0855712890625,23.891209411621094,32.38540744781494
2020-06-16 00:00:00,29.86,27.95014762878418,24.715607166290283,31.163470649719233
2020-06-16 01:00:00,26.59,26.22760581970215,23.439903259277344,29.00156965255737
2020-06-16 02:00:00,25.17,25.531618118286133,22.689094161987306,28.393859958648683
2020-06-16 03:00:00,24.79,24.90414810180664,22.00823345184326,27.803605937957762
2020-06-16 04:00:00,24.34,25.267786026000977,22.360446548461915,28.181450653076173
2020-06-16 05:00:00,25.1,26.370512008666992,23.336882495880126,29.399947834014892
2020-06-16 06:00:00,31.13,33.28303909301758,28.239982032775877,38.40859279632568
2020-06-16 07:00:00,38.39,40.5930290222168,33.64774303436279,47.76433219909668
2020-06-16 08:00:00,45.9,43.656070709228516,34.67270832061767,52.91891250610351
2020-06-16 09:00:00,41.39,40.88583755493164,34.38800945281982,47.48748607635497
2020-06-16 10:00:00,39.32,38.69966125488281,32.67184333801269,44.96467895507812
2020-06-16 11:00:00,40.31,37.511085510253906,31.36812114715576,43.604306602478026
2020-06-16 12:00:00,38.75,34.82408905029297,29.271757793426513,40.369480895996084
2020-06-16 13:00:00,34.97,33.94693374633789,28.104671955108643,39.80588645935058
2020-06-16 14:00:00,32.21,32.67962646484375,27.111742782592774,38.384413337707514
2020-06-16 15:00:00,30.86,31.657121658325195,26.212176895141603,37.10387706756592
2020-06-16 16:00:00,30.66,31.440452575683594,25.90822629928589,36.95572929382324
2020-06-16 17:00:00,33.73,35.535282135009766,29.772567176818846,41.23847122192383
2020-06-16 18:00:00,38.32,38.56605529785156,31.5493745803833,45.503027725219724
2020-06-16 19:00:00,42.91,41.42993927001953,34.50811367034912,48.82504196166992
2020-06-16 20:00:00,40.66,40.32001495361328,33.842824363708495,47.05219116210936
2020-06-16 21:00:00,37.66,36.19343566894531,30.772619247436523,41.58455944061279
2020-06-16 22:00:00,34.92,33.57371520996094,29.269329929351805,37.8517988204956
2020-06-16 23:00:00,30.94,28.784528732299805,25.210627460479735,32.278991508483884
2020-06-17 00:00:00,32.05,27.607912063598633,24.56427412033081,30.63673524856567
2020-06-17 01:00:00,30.38,25.85472297668457,22.95490074157715,28.71839218139648
2020-06-17 02:00:00,28.1,25.394922256469727,22.553663730621338,28.177297019958495
2020-06-17 03:00:00,26.92,24.67813491821289,21.951828384399413,27.395629405975342
2020-06-17 04:00:00,26.53,24.749086380004883,21.99751024246216,27.542341899871825
2020-06-17 05:00:00,28.76,25.506450653076172,22.60356197357178,28.36919002532959
2020-06-17 06:00:00,35.96,31.499427795410156,26.97824897766113,35.92389888763427
2020-06-17 07:00:00,51.93,37.235321044921875,30.64928913116455,43.90896987915038
2020-06-17 08:00:00,56.52,39.3454704284668,32.24062213897705,46.45029487609863
2020-06-17 09:00:00,42.14,37.43031692504883,31.820827579498292,43.11863079071045
2020-06-17 10:00:00,38.99,35.58033752441406,29.60607795715332,41.49528541564941
2020-06-17 11:00:00,38.39,34.43222427368164,28.973037910461425,39.9311559677124
2020-06-17 12:00:00,36.03,32.510498046875,27.671957111358644,37.35194625854492
2020-06-17 13:00:00,36.01,30.883499145507812,26.0845609664917,35.79499073028564
2020-06-17 14:00:00,35.05,29.654987335205078,25.26814470291138,34.18986206054687
2020-06-17 15:00:00,33.59,28.994802474975586,24.19502763748169,33.774662208557125
2020-06-17 16:00:00,33.0,29.368072509765625,24.606885147094726,34.05233860015869
2020-06-17 17:00:00,40.06,32.402870178222656,27.178383445739748,37.59669818878174
2020-06-17 18:00:00,45.58,35.78691101074219,30.566225147247316,41.010356712341306
2020-06-17 19:00:00,47.33,37.8149299621582,31.452028656005858,44.390833282470695
2020-06-17 20:00:00,42.32,36.849300384521484,30.333312797546387,43.341295623779295
2020-06-17 21:00:00,39.71,34.26594543457031,29.260789966583253,39.52768459320068
2020-06-17 22:00:00,36.59,31.522350311279297,27.392371940612794,35.660898971557614
2020-06-17 23:00:00,31.7,27.42845916748047,24.03543539047241,30.754468727111817
2020-06-18 00:00:00,27.74,27.763044357299805,24.26219940185547,31.237754344940182
2020-06-18 01:00:00,25.26,26.368152618408203,23.29027271270752,29.44330358505249
2020-06-18 02:00:00,23.51,25.044954299926758,21.661287307739258,28.44231634140014
2020-06-18 03:00:00,22.82,24.959062576293945,21.51012134552002,28.390528297424314
2020-06-18 04:00:00,22.92,25.084300994873047,21.608581352233887,28.474587154388427
2020-06-18 05:00:00,24.31,26.027494430541992,22.76598024368286,29.29178876876831
2020-06-18 06:00:00,28.86,31.98684310913086,26.796099758148195,37.14248638153076
2020-06-18 07:00:00,34.59,39.32176971435547,30.45877389907837,48.09647560119628
2020-06-18 08:00:00,36.59,42.597076416015625,32.588863945007326,53.02112789154052
2020-06-18 09:00:00,36.93,40.74480438232422,34.16905975341797,47.4490421295166
2020-06-18 10:00:00,36.73,38.85273742675781,33.119543647766115,44.61042137145996
2020-06-18 11:00:00,36.87,37.43313217163086,31.33094072341919,43.69001426696777
2020-06-18 12:00:00,36.21,35.137569427490234,29.37344961166382,40.842582321166994
2020-06-18 13:00:00,34.0,33.11878967285156,27.991730213165283,38.27121925354003
2020-06-18 14:00:00,32.17,32.33921432495117,27.35992851257324,37.45592727661133
2020-06-18 15:00:00,31.81,32.0394287109375,26.700732898712157,37.255157470703125
2020-06-18 16:00:00,30.72,31.764904022216797,26.42663106918335,37.34403743743896
2020-06-18 17:00:00,33.1,35.0146484375,29.317903518676758,40.625743484497065
2020-06-18 18:00:00,35.0,37.809791564941406,31.598448276519775,44.07787036895752
2020-06-18 19:00:00,36.99,40.432525634765625,33.15009708404541,47.85516433715819
2020-06-18 20:00:00,36.3,39.92232894897461,32.764389991760254,47.240732765197755
2020-06-18 21:00:00,35.57,35.60786437988281,29.993447017669677,41.162594604492185
2020-06-18 22:00:00,34.3,33.69367218017578,28.838088512420654,38.60420379638672
2020-06-18 23:00:00,29.98,29.802034378051758,26.280213260650633,33.33988952636719
2020-06-19 00:00:00,28.1,26.55400848388672,23.50170030593872,29.562354946136473
2020-06-19 01:00:00,24.45,25.200130462646484,22.19732141494751,28.189679050445555
2020-06-19 02:00:00,23.25,24.778074264526367,21.881405544281005,27.686878299713133
2020-06-19 03:00:00,22.28,23.857315063476562,20.975846099853516,26.760212135314937
2020-06-19 04:00:00,22.2,23.90918731689453,21.096789360046387,26.7213189125061
2020-06-19 05:00:00,23.07,25.255083084106445,22.220645809173583,28.28777904510498
2020-06-19 06:00:00,30.06,29.32895851135254,23.986260414123535,34.55708465576172
2020-06-19 07:00:00,35.33,37.160011291503906,28.69608039855957,45.592804908752434
2020-06-19 08:00:00,37.8,39.69285202026367,30.687363815307616,48.808868408203125
2020-06-19 09:00:00,36.08,36.74800491333008,30.637547969818115,42.86137008666992
2020-06-19 10:00:00,34.56,34.93535232543945,29.1573823928833,40.70299396514892
2020-06-19 11:00:00,33.33,34.26701736450195,28.40535888671875,40.306383514404295
2020-06-19 12:00:00,31.22,31.68815040588379,26.563444995880126,36.87007236480712
2020-06-19 13:00:00,28.4,29.678112030029297,24.580699062347414,34.62681369781494
2020-06-19 14:00:00,26.89,28.028860092163086,23.29994010925293,32.65241947174072
2020-06-19 15:00:00,25.29,27.61427879333496,23.115876579284667,32.151216506958
2020-06-19 16:00:00,24.07,27.709524154663086,22.72255144119263,32.710378646850586
2020-06-19 17:00:00,28.64,29.507566452026367,23.215818214416505,35.45265769958496
2020-06-19 18:00:00,32.61,33.181678771972656,27.9220272064209,38.368564224243165
2020-06-19 19:00:00,34.0,34.997169494628906,28.120289993286132,41.57068462371826
2020-06-19 20:00:00,34.22,34.764339447021484,28.346861362457275,41.08405780792236
2020-06-19 21:00:00,34.13,33.6301155090332,28.72379493713379,38.53648777008056
2020-06-19 22:00:00,35.0,31.5363712310791,26.94518690109253,36.09608631134033
2020-06-19 23:00:00,31.5,28.117040634155273,24.533590698242186,31.711978244781495
2020-06-20 00:00:00,26.7,27.896034240722656,22.88725299835205,32.92722587585449
2020-06-20 01:00:00,24.73,24.775089263916016,20.767609977722167,28.79588394165039
2020-06-20 02:00:00,22.8,23.475933074951172,19.421564674377443,27.523856258392332
2020-06-20 03:00:00,21.63,22.141122817993164,17.604234313964845,26.55342855453491
2020-06-20 04:00:00,20.48,22.42724609375,17.52320032119751,27.313601875305174
2020-06-20 05:00:00,20.04,21.18601417541504,15.682092475891114,26.636800289154053
2020-06-20 06:00:00,21.85,22.206642150878906,16.783370208740234,27.681567668914795
2020-06-20 07:00:00,22.94,22.66838264465332,16.037426662445068,29.007323551177976
2020-06-20 08:00:00,24.17,24.14219856262207,17.302966499328612,30.653763008117675
2020-06-20 09:00:00,23.67,23.920740127563477,17.553669357299803,29.96907148361206
2020-06-20 10:00:00,22.06,20.356996536254883,14.08712191581726,26.57183618545532
2020-06-20 11:00:00,21.5,20.750869750976562,14.970440006256103,26.450897979736325
2020-06-20 12:00:00,20.5,19.8836727142334,13.929120922088623,25.44244346618652
2020-06-20 13:00:00,17.9,16.074214935302734,8.570555448532104,22.718984127044678
2020-06-20 14:00:00,15.27,16.39596176147461,9.483393335342408,22.74374189376831
2020-06-20 15:00:00,15.68,16.941041946411133,10.565520000457763,22.946794414520262
2020-06-20 16:00:00,18.98,18.61231803894043,12.5699942111969,24.416612529754637
2020-06-20 17:00:00,23.67,22.873661041259766,16.55311985015869,28.994394874572745
2020-06-20 18:00:00,28.3,27.392417907714844,22.657166481018066,31.928551483154294
2020-06-20 19:00:00,30.87,30.792390823364258,25.496905040740966,36.03825511932373
2020-06-20 20:00:00,33.0,32.25654220581055,26.579191875457763,37.766187477111814
2020-06-20 21:00:00,34.77,32.26643371582031,27.51946802139282,37.079563331604
2020-06-20 22:00:00,34.94,32.73225402832031,28.068295669555663,37.38083782196045
2020-06-20 23:00:00,31.58,30.08637237548828,25.68268518447876,34.580770874023436
2020-06-21 00:00:00,30.11,26.114437103271484,21.673052024841308,30.567733764648438
2020-06-21 01:00:00,25.07,22.904741287231445,18.755830478668212,27.039673900604242
2020-06-21 02:00:00,22.15,21.635902404785156,17.462913036346436,25.79070491790771
2020-06-21 03:00:00,20.26,21.40595054626465,16.716347789764406,26.28108167648315
2020-06-21 04:00:00,16.2,20.635461807250977,15.836371088027954,25.425849056243894
2020-06-21 05:00:00,12.53,19.76992416381836,15.1000572681427,24.472849559783935
2020-06-21 06:00:00,10.98,19.679916381835938,13.64150619506836,25.59493761062622
2020-06-21 07:00:00,11.25,19.576826095581055,12.871907091140747,25.50658893585204
2020-06-21 08:00:00,14.0,19.484376907348633,12.907551574707032,25.34564151763916
2020-06-21 09:00:00,13.68,17.842060089111328,10.792975473403931,24.396810722351074
2020-06-21 10:00:00,15.6,16.52972412109375,9.825798082351685,23.06316213607788
2020-06-21 11:00:00,17.0,17.737707138061523,11.50974087715149,23.6084243774414
2020-06-21 12:00:00,18.62,17.50858497619629,11.646700811386108,23.00518560409546
2020-06-21 13:00:00,13.08,15.164390563964844,8.45833911895752,21.42106895446777
2020-06-21 14:00:00,8.26,12.743700981140137,4.228662490844727,20.054133319854735
2020-06-21 15:00:00,8.4,14.940199851989746,6.925829172134399,22.22675018310547
2020-06-21 16:00:00,11.65,16.558673858642578,10.148886728286744,22.800530529022218
2020-06-21 17:00:00,20.84,21.62828826904297,15.976998424530029,27.166858768463133
2020-06-21 18:00:00,24.83,27.203941345214844,22.924316692352296,31.399718570709226
2020-06-21 19:00:00,29.61,31.984041213989258,26.072647094726562,37.97031726837158
2020-06-21 20:00:00,30.2,33.48603057861328,28.770891094207766,38.62050647735595
2020-06-21 21:00:00,30.84,33.94291687011719,29.11145648956299,38.867649459838866
2020-06-21 22:00:00,32.93,33.595977783203125,28.64099254608154,38.599072265625
2020-06-21 23:00:00,29.9,29.50454330444336,24.739198780059816,34.3722900390625
2020-06-22 00:00:00,23.57,25.774511337280273,22.581459045410156,29.082732772827146
2020-06-22 01:00:00,21.88,23.269561767578125,20.47907190322876,26.068379783630366
2020-06-22 02:00:00,20.61,22.350074768066406,19.38063201904297,25.33049726486206
2020-06-22 03:00:00,21.04,21.239797592163086,17.91576623916626,24.57920150756836
2020-06-22 04:00:00,21.5,21.619972229003906,18.04706516265869,25.228945922851555
2020-06-22 05:00:00,23.04,22.923830032348633,19.635984325408934,26.267046260833737
2020-06-22 06:00:00,30.69,28.47210693359375,24.12168445587158,32.78566131591797
2020-06-22 07:00:00,35.41,33.54459762573242,27.808323764801024,39.38433227539062
2020-06-22 08:00:00,38.58,32.879112243652344,26.615086841583253,39.34072017669678
2020-06-22 09:00:00,34.5,29.999975204467773,24.831941223144533,35.12716178894043
2020-06-22 10:00:00,33.08,28.23489761352539,23.696264362335206,32.87794456481933
2020-06-22 11:00:00,31.66,27.630231857299805,23.289533042907713,31.980342960357664
2020-06-22 12:00:00,30.04,26.07228660583496,21.877932167053224,30.171149444580077
2020-06-22 13:00:00,24.67,24.495258331298828,20.343468379974365,28.613349819183348
2020-06-22 14:00:00,24.49,24.305273056030273,20.248672103881837,28.298846435546874
2020-06-22 15:00:00,23.62,23.84558868408203,19.892075634002687,27.823245048522946
2020-06-22 16:00:00,24.59,24.519765853881836,20.32229585647583,28.554398441314692
2020-06-22 17:00:00,31.41,28.501420974731445,24.290184020996094,32.68738098144531
2020-06-22 18:00:00,34.39,32.7166862487793,27.93147964477539,37.49647064208985
2020-06-22 19:00:00,36.74,37.4951171875,30.9897029876709,44.48576202392578
2020-06-22 20:00:00,37.63,39.351253509521484,32.558868980407716,46.706803131103506
2020-06-22 21:00:00,37.39,37.285221099853516,31.701103973388673,42.878024101257324
2020-06-22 22:00:00,36.38,35.7418098449707,31.170841884613036,40.505788421630854
2020-06-22 23:00:00,33.01,30.12435531616211,26.389234733581542,33.9064359664917
2020-06-23 00:00:00,30.0,27.48222541809082,24.073914051055908,30.862495136260986
2020-06-23 01:00:00,27.12,26.16433334350586,22.735976886749267,29.59564781188965
2020-06-23 02:00:00,25.88,25.07239532470703,21.779070949554445,28.325963306427003
2020-06-23 03:00:00,24.4,24.837799072265625,21.576112270355225,28.136152076721192
2020-06-23 04:00:00,24.43,24.952274322509766,21.676048946380615,28.15861349105835
2020-06-23 05:00:00,27.04,26.031551361083984,22.857654190063478,29.192818641662598
2020-06-23 06:00:00,35.03,31.786828994750977,26.63987503051758,36.94507255554199
2020-06-23 07:00:00,37.44,37.286773681640625,30.99237585067749,43.82011528015136
2020-06-23 08:00:00,37.16,37.05955505371094,30.175382804870605,43.83393878936767
2020-06-23 09:00:00,34.9,33.273319244384766,28.06704387664795,38.49005069732666
2020-06-23 10:00:00,31.92,30.545284271240234,24.955283451080323,35.95252323150635
2020-06-23 11:00:00,30.24,28.392494201660156,22.720916652679442,34.00282440185546
2020-06-23 12:00:00,28.79,27.361021041870117,22.708025550842287,31.970754051208495
2020-06-23 13:00:00,28.23,25.673065185546875,21.284057235717775,30.011585426330555
2020-06-23 14:00:00,27.82,25.756174087524414,21.01457099914551,30.345526885986327
2020-06-23 15:00:00,28.65,25.20134925842285,20.29083957672119,30.081623554229736
2020-06-23 16:00:00,30.0,27.06058120727539,22.492888355255126,31.578234767913816
2020-06-23 17:00:00,33.0,30.982362747192383,25.724047946929932,36.1425178527832
2020-06-23 18:00:00,36.59,35.78207778930664,29.738562870025635,42.21772212982177
2020-06-23 19:00:00,44.51,41.631202697753906,33.301120376586915,50.91217594146728
2020-06-23 20:00:00,48.65,43.079139709472656,35.204984474182126,52.02006015777587
2020-06-23 21:00:00,41.29,39.678035736083984,33.39214038848877,46.064860534667964
2020-06-23 22:00:00,38.41,35.58070755004883,31.15817518234253,40.003769302368156
2020-06-23 23:00:00,34.3,30.059293746948242,26.10564832687378,33.894062232971194
2020-06-24 00:00:00,33.02,28.997390747070312,25.919385719299317,32.0516752243042
2020-06-24 01:00:00,31.37,27.145599365234375,24.153346157073976,30.047204971313473
2020-06-24 02:00:00,27.83,26.313514709472656,23.803609466552736,28.84764013290405
2020-06-24 03:00:00,26.76,25.9299259185791,23.186494731903075,28.7201753616333
2020-06-24 04:00:00,26.86,26.290353775024414,23.3866756439209,29.162215423583984
2020-06-24 05:00:00,28.53,27.23727798461914,24.276139068603516,30.187766456604002
2020-06-24 06:00:00,37.57,33.29393005371094,28.64378614425659,37.99094696044922
2020-06-24 07:00:00,41.71,38.797481536865234,31.5664119720459,46.25147705078125
2020-06-24 08:00:00,39.03,39.05064392089844,32.42784099578857,45.85588436126709
2020-06-24 09:00:00,37.66,34.68071746826172,29.24204511642456,39.99675331115723
2020-06-24 10:00:00,36.12,31.422134399414062,26.535972118377686,36.19162731170654
2020-06-24 11:00:00,35.21,29.63835334777832,24.841202545166016,34.334765815734855
2020-06-24 12:00:00,34.84,27.764318466186523,23.02291898727417,32.31339111328125
2020-06-24 13:00:00,33.69,27.117393493652344,22.694073104858397,31.621381378173826
2020-06-24 14:00:00,32.77,26.575281143188477,22.285944843292235,30.841449546813962
2020-06-24 15:00:00,32.72,27.272146224975586,22.981627655029296,31.458721446990964
2020-06-24 16:00:00,33.98,28.415847778320312,23.63047742843628,33.10047569274902
2020-06-24 17:00:00,37.16,32.22764205932617,26.716903305053712,37.48818740844726
2020-06-24 18:00:00,40.93,36.142242431640625,30.2753849029541,41.95147304534912
2020-06-24 19:00:00,47.11,41.59355545043945,31.989202880859374,51.37291049957275
2020-06-24 20:00:00,45.65,42.403194427490234,33.21822853088379,51.85798377990722
2020-06-24 21:00:00,40.24,38.25133514404297,32.6502046585083,43.83417510986328
2020-06-24 22:00:00,38.95,34.82197952270508,30.048632049560545,39.65817203521728
2020-06-24 23:00:00,33.98,29.898969650268555,26.154371547698975,33.62226905822754
2020-06-25 00:00:00,30.32,28.368793487548828,24.559408092498778,32.228865432739255
2020-06-25 01:00:00,27.54,27.228666305541992,23.380845737457275,31.142247867584228
2020-06-25 02:00:00,26.51,26.626771926879883,23.200343799591064,30.00065813064575
2020-06-25 03:00:00,25.75,26.220287322998047,22.777348232269286,29.68261165618896
2020-06-25 04:00:00,25.43,25.968517303466797,22.566408061981203,29.315783596038816
2020-06-25 05:00:00,27.1,27.77933692932129,24.363724517822266,31.230090713500978
2020-06-25 06:00:00,34.49,33.28516387939453,27.971643733978272,38.527102851867674
2020-06-25 07:00:00,40.73,39.36836242675781,33.513557815551756,45.4184492111206
2020-06-25 08:00:00,42.09,40.04126739501953,33.394193458557126,46.81451148986817
2020-06-25 09:00:00,40.98,37.51222229003906,32.297369956970215,42.66196269989013
2020-06-25 10:00:00,38.83,34.913848876953125,29.51524419784546,40.35484733581543
2020-06-25 11:00:00,36.5,33.91989517211914,28.757891750335695,39.10277347564697
2020-06-25 12:00:00,33.31,31.397863388061523,26.483208179473877,36.21694812774658
2020-06-25 13:00:00,31.38,29.55504035949707,24.905389404296876,34.154100227355954
2020-06-25 14:00:00,29.94,28.57923698425293,23.940749549865725,33.24378433227539
2020-06-25 15:00:00,29.87,28.14275550842285,23.334157466888428,32.77154102325439
2020-06-25 16:00:00,32.4,28.04793357849121,22.93931293487549,33.06857604980469
2020-06-25 17:00:00,37.06,31.694774627685547,26.28790063858032,37.05136489868163
2020-06-25 18:00:00,39.55,35.87354278564453,29.512568187713622,42.10955009460449
2020-06-25 19:00:00,44.13,38.22527313232422,29.234811019897464,47.02468738555908
2020-06-25 20:00:00,41.23,39.736328125,29.83742208480835,49.62848072052002
2020-06-25 21:00:00,40.24,36.32809829711914,29.66512222290039,42.85824909210205
2020-06-25 22:00:00,38.0,34.85002136230469,29.178750133514406,40.52190704345703
2020-06-25 23:00:00,33.43,30.022459030151367,25.924047660827636,34.11469631195068
2020-06-26 00:00:00,32.47,28.78388786315918,25.204737281799318,32.37829856872558
2020-06-26 01:00:00,28.12,27.79071807861328,24.399495983123778,31.244392681121823
2020-06-26 02:00:00,25.96,27.170434951782227,23.616845226287843,30.67486820220947
2020-06-26 03:00:00,25.59,27.16274070739746,23.6747802734375,30.67841501235962
2020-06-26 04:00:00,25.63,26.904491424560547,23.416731739044188,30.393472480773926
2020-06-26 05:00:00,26.8,28.555418014526367,24.93727865219116,32.082574462890626
2020-06-26 06:00:00,34.05,35.353939056396484,30.072422122955324,40.684378623962395
2020-06-26 07:00:00,38.94,41.609954833984375,34.28331069946289,49.09113998413086
2020-06-26 08:00:00,40.13,40.28497314453125,33.08247737884521,47.526731300354
2020-06-26 09:00:00,39.19,35.50766372680664,29.926749610900877,41.081762886047365
2020-06-26 10:00:00,36.93,32.30485153198242,27.167133045196532,37.32466926574707
2020-06-26 11:00:00,34.64,30.510093688964844,25.620764923095702,35.47183895111083
2020-06-26 12:00:00,33.12,28.84389305114746,24.439595031738282,33.192019653320315
2020-06-26 13:00:00,32.79,27.862390518188477,23.87836809158325,31.799275588989254
2020-06-26 14:00:00,32.42,27.399885177612305,22.932320880889893,31.749860286712646
2020-06-26 15:00:00,32.18,28.38811492919922,23.693771362304688,32.93367805480957
2020-06-26 16:00:00,33.28,29.936017990112305,25.03763380050659,34.859009742736816
2020-06-26 17:00:00,36.45,34.82025909423828,28.445381927490235,41.00626449584961
2020-06-26 18:00:00,40.43,40.69940185546875,33.68417835235596,47.9552225112915
2020-06-26 19:00:00,46.8,48.49243927001953,36.225496482849124,64.46797981262206
2020-06-26 20:00:00,41.96,47.49803924560547,37.08832969665527,58.94065570831298
2020-06-26 21:00:00,39.9,41.68449783325195,34.77155361175537,48.783081054687486
2020-06-26 22:00:00,40.1,37.735355377197266,32.287276077270505,43.13100032806396
2020-06-26 23:00:00,37.4,32.376304626464844,28.076691818237304,36.56260681152344
2020-06-27 00:00:00,35.92,30.913625717163086,25.952642345428465,36.02421627044678
2020-06-27 01:00:00,30.68,28.487743377685547,24.063426971435547,33.13707923889159
2020-06-27 02:00:00,28.3,26.626384735107422,22.867782878875733,30.44890832901001
2020-06-27 03:00:00,27.48,26.42145347595215,22.290117931365966,30.57436895370483
2020-06-27 04:00:00,27.14,25.851171493530273,21.35526809692383,30.441932201385498
2020-06-27 05:00:00,26.82,25.176258087158203,20.81142578125,29.52330465316772
2020-06-27 06:00:00,25.34,25.674644470214844,20.044376564025878,31.244188499450683
2020-06-27 07:00:00,27.72,26.84044647216797,19.68148651123047,33.38872890472412
2020-06-27 08:00:00,28.44,28.97828483581543,22.687932014465332,35.00857639312744
2020-06-27 09:00:00,28.22,28.866687774658203,22.99181661605835,34.58216876983643
2020-06-27 10:00:00,27.01,26.538124084472656,20.830110549926758,32.16612682342529
2020-06-27 11:00:00,25.0,25.653560638427734,19.700335121154787,31.55852813720703
2020-06-27 12:00:00,23.09,24.565338134765625,18.955228519439697,30.05413999557495
2020-06-27 13:00:00,21.56,22.612812042236328,16.54911708831787,28.27429084777832
2020-06-27 14:00:00,18.29,21.858341217041016,16.19057903289795,27.236436176300046
2020-06-27 15:00:00,17.52,21.50850486755371,15.54840488433838,27.333905506134034
2020-06-27 16:00:00,18.52,22.17639923095703,15.813961029052734,28.192361068725578
2020-06-27 17:00:00,23.05,26.364412307739258,20.525975036621094,31.9142126083374
2020-06-27 18:00:00,27.08,30.398578643798828,24.45322885513306,36.247249603271484
2020-06-27 19:00:00,30.52,33.60829162597656,27.324847412109374,39.77911243438721
2020-06-27 20:00:00,32.28,35.11086654663086,27.893122482299805,42.32537860870361
2020-06-27 21:00:00,32.96,34.55229949951172,28.367579650878906,40.87877349853515
2020-06-27 22:00:00,32.91,33.86033248901367,28.484011936187745,39.14780673980713
2020-06-27 23:00:00,28.09,30.663928985595703,25.45409917831421,35.88712291717529
2020-06-28 00:00:00,23.93,26.658164978027344,21.599197006225587,31.780366802215575
2020-06-28 01:00:00,21.03,23.42912483215332,17.829484844207762,29.163352012634277
2020-06-28 02:00:00,16.9,21.353740692138672,15.877296638488769,26.874067497253417
2020-06-28 03:00:00,14.26,19.771705627441406,13.355374717712403,26.07193803787231
2020-06-28 04:00:00,15.48,17.32890510559082,9.997179937362672,24.604850578308103
2020-06-28 05:00:00,13.02,17.11003875732422,8.740654993057252,25.59183540344238
2020-06-28 06:00:00,12.45,15.279156684875488,7.285727548599243,23.01116676330566
2020-06-28 07:00:00,12.6,16.417945861816406,8.528420066833496,23.892082023620603
2020-06-28 08:00:00,13.36,17.830585479736328,10.558828830718994,24.653792667388917
2020-06-28 09:00:00,12.48,17.099218368530273,9.234777927398682,24.68186454772949
2020-06-28 10:00:00,14.17,15.234526634216309,7.683598232269287,22.58512554168701
2020-06-28 11:00:00,15.9,15.221329689025879,7.337277030944825,22.80409717559814
2020-06-28 12:00:00,13.71,15.204337120056152,6.405396747589111,23.117019462585446
2020-06-28 13:00:00,1.42,12.784771919250488,1.2064901351928712,23.003942489624023
2020-06-28 14:00:00,0.08,5.71295166015625,-11.442919921875,19.159056949615472
2020-06-28 15:00:00,0.54,10.315073013305664,-2.1342031478881838,20.96494340896606
2020-06-28 16:00:00,2.22,13.320512771606445,3.3355929374694826,22.68636560440063
2020-06-28 17:00:00,16.9,19.20555877685547,11.731030941009521,26.2069990158081
2020-06-28 18:00:00,25.04,25.125123977661133,19.764268684387208,30.336642265319824
2020-06-28 19:00:00,29.83,29.04439353942871,24.048300361633302,33.94452438354492
2020-06-28 20:00:00,33.04,31.110218048095703,25.515492916107178,36.77422275543213
2020-06-28 21:00:00,35.07,32.72154235839844,27.034685039520262,38.5709415435791
2020-06-28 22:00:00,36.0,33.84511184692383,28.410515308380127,39.346710205078125
2020-06-28 23:00:00,31.14,31.27641487121582,24.839488697052,37.99013805389404
2020-06-29 00:00:00,24.02,26.431325912475586,22.088972187042238,30.83444414138794
2020-06-29 01:00:00,19.77,23.44747543334961,20.078420543670653,26.77759037017822
2020-06-29 02:00:00,17.76,22.815370559692383,19.053891944885255,26.502228832244874
2020-06-29 03:00:00,17.4,21.641834259033203,17.57848834991455,25.76604995727539
2020-06-29 04:00:00,17.6,21.004539489746094,17.055160427093504,24.983110904693604
2020-06-29 05:00:00,19.88,23.59113883972168,19.310037326812743,27.962892913818354
2020-06-29 06:00:00,26.52,31.480302810668945,25.597786045074464,37.434410858154294
2020-06-29 07:00:00,35.54,37.73912048339844,28.899976444244384,46.94359798431396
2020-06-29 08:00:00,40.45,39.88455581665039,30.142631149291994,49.937377929687486
2020-06-29 09:00:00,38.81,33.87875747680664,28.17449607849121,39.56467895507812
2020-06-29 10:00:00,35.4,30.721343994140625,24.952378463745116,36.78444557189941
2020-06-29 11:00:00,34.03,30.583900451660156,25.181579875946046,36.04458713531494
2020-06-29 12:00:00,29.35,27.21484375,21.326192760467528,33.21001644134521
2020-06-29 13:00:00,22.63,24.141904830932617,17.40666570663452,30.80993375778198
2020-06-29 14:00:00,21.98,22.31580924987793,15.325055646896363,29.206071090698238
2020-06-29 15:00:00,21.02,19.719751358032227,12.756268644332886,26.38945703506469
2020-06-29 16:00:00,19.85,19.763071060180664,13.116968250274658,26.13821334838867
2020-06-29 17:00:00,22.84,23.91013526916504,18.306664371490477,29.36421117782593
2020-06-29 18:00:00,32.96,28.12824058532715,22.840528297424317,33.33189659118652
2020-06-29 19:00:00,34.95,30.84354019165039,24.53253526687622,37.11245651245117
2020-06-29 20:00:00,34.9,31.564374923706055,23.95218381881714,39.19814128875732
2020-06-29 21:00:00,34.63,31.249597549438477,23.77272834777832,38.833129501342775
2020-06-29 22:00:00,33.97,30.07432746887207,24.083267498016358,36.11440544128418
2020-06-29 23:00:00,23.28,24.345260620117188,19.293577194213867,29.461476421356203
2020-06-30 00:00:00,22.49,20.997997283935547,15.86735429763794,26.28518199920654
2020-06-30 01:00:00,21.02,17.946819305419922,12.956584882736205,22.826846122741696
2020-06-30 02:00:00,17.53,15.339493751525879,8.227948474884034,22.187631607055664
2020-06-30 03:00:00,15.82,12.163350105285645,3.9982753753662115,19.925377082824706
2020-06-30 04:00:00,16.44,11.50267505645752,3.1684197425842284,19.129096984863278
2020-06-30 05:00:00,19.1,15.188007354736328,8.315733051300048,21.587427711486814
2020-06-30 06:00:00,25.79,20.652103424072266,13.493971061706544,27.65753364562988
2020-06-30 07:00:00,31.95,26.371868133544922,17.41638946533203,35.026446151733396
2020-06-30 08:00:00,26.14,26.230636596679688,17.706472301483156,34.517193603515615
2020-06-30 09:00:00,17.1,19.59231185913086,9.981460094451904,28.67745428085327
2020-06-30 10:00:00,2.58,16.378868103027344,7.778237819671631,24.65303554534912
2020-06-30 11:00:00,0.39,16.377704620361328,5.419719219207764,26.519282817840576
2020-06-30 12:00:00,0.92,12.575547218322754,1.5885315895080567,22.37492437362671
2020-06-30 13:00:00,-0.08,6.854940414428711,-7.456717491149902,18.82933320999145
2020-06-30 14:00:00,0.06,6.335997104644775,-10.526398468017579,19.807016372680664
2020-06-30 15:00:00,1.32,9.785860061645508,-2.7811731338500967,20.553540325164786
2020-06-30 16:00:00,1.44,15.329607963562012,5.602359008789063,24.398462772369385
2020-06-30 17:00:00,21.2,19.122100830078125,8.801708793640138,28.381067371368406
2020-06-30 18:00:00,27.73,27.606475830078125,18.593483924865723,35.76168251037598
2020-06-30 19:00:00,33.38,35.1278190612793,25.04101552963257,45.428921127319335
2020-06-30 20:00:00,36.1,35.248512268066406,25.07288932800293,45.51790885925293
2020-06-30 21:00:00,35.54,33.43335723876953,25.24859266281128,41.620558738708496
2020-06-30 22:00:00,34.94,32.060523986816406,26.247468185424804,37.90448894500732
2020-06-30 23:00:00,31.6,27.619464874267578,22.233344268798827,32.90603942871094
2020-07-01 00:00:00,23.92,24.902816772460938,20.282687759399415,29.494451522827145
2020-07-01 01:00:00,25.04,23.610116958618164,19.275082778930663,27.921381282806397
2020-07-01 02:00:00,25.59,22.729875564575195,18.50920162200928,27.07788896560669
2020-07-01 03:00:00,25.03,21.824548721313477,17.823029136657716,25.848838615417478
2020-07-01 04:00:00,24.78,22.775146484375,18.759543037414552,26.74063425064087
2020-07-01 05:00:00,25.89,24.266286849975586,20.67836437225342,27.826443767547605
2020-07-01 06:00:00,33.75,31.458749771118164,26.463828372955323,36.52364387512207
2020-07-01 07:00:00,37.97,38.16545486450195,30.361659431457518,46.00492572784424
2020-07-01 08:00:00,39.99,37.165733337402344,30.090415477752686,44.31947765350341
2020-07-01 09:00:00,38.29,32.300045013427734,26.509378910064697,38.16806640625
2020-07-01 10:00:00,37.06,29.47182846069336,23.49159049987793,35.44624710083007
2020-07-01 11:00:00,36.14,28.022071838378906,21.796183395385743,34.25062866210937
2020-07-01 12:00:00,28.4,26.028074264526367,19.810010719299317,32.220853614807126
2020-07-01 13:00:00,24.16,23.808177947998047,17.98915023803711,29.607217788696286
2020-07-01 14:00:00,25.0,22.81747055053711,17.218483924865723,28.19126033782959
2020-07-01 15:00:00,26.41,22.337812423706055,16.638685131072997,27.803430366516107
2020-07-01 16:00:00,27.17,24.453657150268555,18.8516902923584,29.928218650817865
2020-07-01 17:00:00,32.91,27.429746627807617,21.551710414886475,33.177392387390135
2020-07-01 18:00:00,37.37,32.96067428588867,27.034846019744872,38.955307960510254
2020-07-01 19:00:00,43.29,38.8035774230957,31.1313533782959,46.95764598846435
2020-07-01 20:00:00,40.8,42.3928108215332,33.27399883270264,52.58287715911865
2020-07-01 21:00:00,40.12,38.169673919677734,32.247575187683104,44.29690227508544
2020-07-01 22:00:00,40.25,35.60798645019531,30.528066539764403,40.731201744079584
2020-07-01 23:00:00,37.91,30.75471305847168,26.0536039352417,35.62569580078125
2020-07-02 00:00:00,34.53,29.708484649658203,25.29357557296753,33.996249961853025
2020-07-02 01:00:00,30.91,28.42770004272461,24.59408082962036,32.299431991577144
2020-07-02 02:00:00,28.38,27.31412124633789,23.85266981124878,30.87845649719238
2020-07-02 03:00:00,27.2,26.53074073791504,22.784345817565917,30.196145915985106
2020-07-02 04:00:00,27.9,26.812606811523438,23.48681058883667,30.18441152572632
2020-07-02 05:00:00,30.19,28.16587257385254,24.83900547027588,31.564901638031007
2020-07-02 06:00:00,38.96,33.76539993286133,29.294462871551513,38.21917514801025
2020-07-02 07:00:00,42.84,39.39858627319336,33.16667804718018,45.90975494384765
2020-07-02 08:00:00,47.3,40.69371795654297,33.44278335571289,48.00317249298095
2020-07-02 09:00:00,41.69,38.56491470336914,32.525584602355956,44.50249214172363
2020-07-02 10:00:00,42.14,36.01509094238281,30.522607040405273,41.48114147186279
2020-07-02 11:00:00,41.59,35.33363723754883,29.873011207580568,40.93566474914551
2020-07-02 12:00:00,39.47,32.98882293701172,27.72883720397949,38.074103927612306
2020-07-02 13:00:00,38.33,31.00726890563965,25.971243572235107,35.92435455322265
2020-07-02 14:00:00,35.94,29.794452667236328,24.78745307922363,34.71597461700439
2020-07-02 15:00:00,35.06,30.681062698364258,25.720584297180174,35.65260753631591
2020-07-02 16:00:00,33.92,31.187665939331055,25.398848724365234,36.90728683471679
2020-07-02 17:00:00,38.87,35.62604904174805,30.233674430847167,40.827860832214355
2020-07-02 18:00:00,46.0,39.6307487487793,34.04209251403809,45.379889488220215
2020-07-02 19:00:00,52.65,43.44613265991211,36.64937191009521,51.971921348571776
2020-07-02 20:00:00,47.91,43.4644889831543,36.15179252624512,51.05592594146727
2020-07-02 21:00:00,45.33,41.327701568603516,35.67964687347412,47.227210235595706
2020-07-02 22:00:00,46.0,38.29186248779297,33.74413986206055,42.87647285461425
2020-07-02 23:00:00,40.82,34.153316497802734,30.161956787109375,38.185529899597164
2020-07-03 00:00:00,40.46,32.00615310668945,28.202541255950926,35.847721099853516
2020-07-03 01:00:00,35.0,30.034406661987305,26.29654941558838,33.73467788696289
2020-07-03 02:00:00,32.57,28.14187240600586,24.661815929412843,31.600645160675047
2020-07-03 03:00:00,31.27,27.983999252319336,24.435058689117433,31.572919464111326
2020-07-03 04:00:00,29.9,27.541259765625,24.125119400024413,30.92432346343994
2020-07-03 05:00:00,30.87,29.11471939086914,25.229537963867188,32.92869091033935
2020-07-03 06:00:00,39.99,36.521480560302734,31.251838779449464,41.830238342285156
2020-07-03 07:00:00,47.1,42.60250473022461,34.32835388183594,51.018792915344235
2020-07-03 08:00:00,49.95,42.810447692871094,34.59717788696289,51.29862461090088
2020-07-03 09:00:00,43.44,39.90481185913086,33.587141799926755,46.155574798583984
2020-07-03 10:00:00,38.95,36.95662307739258,30.75321741104126,42.9673677444458
2020-07-03 11:00:00,37.32,35.098777770996094,29.0538179397583,41.01216354370117
2020-07-03 12:00:00,34.05,33.600345611572266,27.598315143585204,39.45140399932861
2020-07-03 13:00:00,28.88,30.941909790039062,25.57346639633179,36.39636631011963
2020-07-03 14:00:00,25.73,29.958831787109375,24.744925022125244,35.03561038970947
2020-07-03 15:00:00,24.95,29.672443389892578,24.531048011779784,34.78042850494385
2020-07-03 16:00:00,24.22,30.290937423706055,25.030175304412843,35.41621398925781
2020-07-03 17:00:00,31.22,34.1853141784668,28.344177532196046,40.00089740753174
2020-07-03 18:00:00,37.24,37.495086669921875,30.522789382934572,43.977219581604004
2020-07-03 19:00:00,38.82,41.08745574951172,32.83037967681885,49.01642971038818
2020-07-03 20:00:00,36.97,40.80780792236328,32.57870941162109,49.067617416381836
2020-07-03 21:00:00,35.25,39.23094940185547,32.219123649597165,46.10570011138916
2020-07-03 22:00:00,35.02,36.76658248901367,31.43099374771118,42.312704467773436
2020-07-03 23:00:00,29.18,32.194637298583984,27.481931018829346,36.934355545043935
2020-07-04 00:00:00,27.19,24.345977783203125,17.35433921813965,31.178921127319335
2020-07-04 01:00:00,24.28,19.558576583862305,11.31689157485962,27.3457124710083
2020-07-04 02:00:00,21.07,17.258785247802734,9.501660919189453,24.5602783203125
2020-07-04 03:00:00,14.86,14.285383224487305,6.1425074577331555,22.153566646575925
2020-07-04 04:00:00,16.15,12.546560287475586,3.1527500152587895,21.15089988708496
2020-07-04 05:00:00,15.52,11.23625659942627,0.40460567474365255,20.515551185607908
2020-07-04 06:00:00,14.46,12.275103569030762,1.91236686706543,21.52437229156494
2020-07-04 07:00:00,18.56,14.603696823120117,4.572196769714356,23.891639328002928
2020-07-04 08:00:00,19.2,17.329172134399414,8.596349906921388,24.962900066375727
2020-07-04 09:00:00,2.41,12.28459358215332,-0.18101835250854467,23.2610969543457
2020-07-04 10:00:00,1.47,9.218896865844727,-3.4637610435485837,20.25408926010131
2020-07-04 11:00:00,0.38,3.626446485519409,-13.974834251403808,17.803311538696285
2020-07-04 12:00:00,0.02,-1.1374495029449463,-22.1317756652832,15.19790067672729
2020-07-04 13:00:00,-4.71,-15.323237419128418,-60.331119537353516,11.82362451553344
2020-07-04 14:00:00,0.91,-19.70061492919922,-73.78839492797852,11.428791618347152
2020-07-04 15:00:00,0.29,-10.869574546813965,-47.82396697998047,13.071116733551019
2020-07-04 16:00:00,13.61,-2.753314733505249,-29.110140800476074,15.644756698608385
2020-07-04 17:00:00,21.95,9.472455978393555,-5.634258842468261,21.824386405944818
2020-07-04 18:00:00,26.81,20.039512634277344,9.271792697906495,28.909306907653804
2020-07-04 19:00:00,28.03,23.807941436767578,14.906078052520751,32.247206306457514
2020-07-04 20:00:00,27.58,22.410850524902344,11.656983184814454,32.858879852294905
2020-07-04 21:00:00,26.73,20.35662269592285,10.845081806182861,29.273907947540273
2020-07-04 22:00:00,28.0,22.62798500061035,14.16235032081604,30.73171024322509
2020-07-04 23:00:00,24.91,18.6336727142334,8.476988410949707,27.96935186386108
2020-07-05 00:00:00,11.21,17.703937530517578,6.795774221420288,28.838025093078606
2020-07-05 01:00:00,2.19,12.463112831115723,3.048800230026245,21.306518745422363
2020-07-05 02:00:00,0.08,8.834488868713379,-1.652775478363037,18.443934631347656
2020-07-05 03:00:00,-0.05,6.9645209312438965,-5.713600730895996,18.491293430328366
2020-07-05 04:00:00,-3.82,4.827647686004639,-6.564058589935302,15.183951520919798
2020-07-05 05:00:00,-13.5,1.9414867162704468,-14.723097801208496,15.236018657684324
2020-07-05 06:00:00,-14.91,-0.1550300121307373,-15.072902870178222,12.798215913772573
2020-07-05 07:00:00,-13.45,-1.1696451902389526,-16.276333427429197,11.910436630249022
2020-07-05 08:00:00,-13.87,1.4586011171340942,-11.449869918823241,12.720031213760375
2020-07-05 09:00:00,-14.54,-5.032685279846191,-24.164689826965333,11.139535427093506
2020-07-05 10:00:00,-17.01,-14.702245712280273,-43.72397308349609,9.012738370895372
2020-07-05 11:00:00,-26.93,-11.389204025268555,-53.13556327819824,16.634281730651846
2020-07-05 12:00:00,-63.02,-24.093358993530273,-88.85216522216797,14.137134933471657
2020-07-05 13:00:00,-64.55,-33.274662017822266,-116.3529296875,13.94956884384155
2020-07-05 14:00:00,-64.99,-52.91454315185547,-178.2685417175293,9.549556732177725
2020-07-05 15:00:00,-64.96,-67.85226440429688,-174.33889465332032,-5.627046394348149
2020-07-05 16:00:00,-64.59,-52.561824798583984,-154.66407318115233,4.7520180702208785
2020-07-05 17:00:00,-36.97,-5.99323034286499,-29.06004524230957,13.14652462005615
2020-07-05 18:00:00,-4.44,6.317755699157715,-14.757986450195313,22.19513807296752
2020-07-05 19:00:00,1.49,13.595992088317871,-2.5856288909912104,26.312153625488282
2020-07-05 20:00:00,19.17,15.125146865844727,1.3855088233947754,27.84903106689453
2020-07-05 21:00:00,25.94,17.881248474121094,3.919430065155029,31.1849983215332
2020-07-05 22:00:00,30.24,19.857526779174805,9.046339321136475,30.38166170120239
2020-07-05 23:00:00,23.19,17.136058807373047,7.692866182327271,26.12851934432983
